Date,Price,Open,High,Low,Change %,,,https://www.investing.com/rates-bonds/hong-kong-10-year-bond-yield-historical-data
1/1/2018,1.81,1.81,1.81,1.81,0,,,
29/12/2017,1.81,1.796,1.826,1.782,-0.0044,,,
28/12/2017,1.818,1.818,1.818,1.818,-0.0386,,,
27/12/2017,1.891,1.891,1.891,1.891,0,,,
26/12/2017,1.891,1.891,1.891,1.891,0,,,
22/12/2017,1.891,1.891,1.891,1.89,-0.0053,,,
21/12/2017,1.901,1.918,1.918,1.887,0.0304,,,
20/12/2017,1.845,1.845,1.845,1.844,0.0132,,,
19/12/2017,1.821,1.823,1.823,1.82,0.0111,,,
18/12/2017,1.801,1.845,1.845,1.8,-0.018,,,
17/12/2017,1.834,1.834,1.834,1.834,0,,,
16/12/2017,1.834,1.834,1.834,1.834,0,,,
15/12/2017,1.834,1.834,1.834,1.833,-0.0086,,,
14/12/2017,1.85,1.834,1.856,1.834,-0.0091,,,
13/12/2017,1.867,1.85,1.867,1.85,0.0114,,,
12/12/2017,1.846,1.834,1.854,1.834,0.0132,,,
11/12/2017,1.822,1.895,1.895,1.822,-0.0365,,,
10/12/2017,1.891,1.891,1.891,1.891,0,,,
8/12/2017,1.891,1.872,1.891,1.872,0.0255,,,
7/12/2017,1.844,1.874,1.874,1.844,-0.0264,,,
6/12/2017,1.894,1.9,1.905,1.894,-0.0146,,,
5/12/2017,1.922,1.894,1.933,1.894,0.0116,,,
4/12/2017,1.9,1.888,1.9,1.887,0.0182,,,
3/12/2017,1.866,1.866,1.866,1.866,0,,,
1/12/2017,1.866,1.866,1.866,1.866,-0.0032,,,
30/11/2017,1.872,1.868,1.88,1.868,0.0218,,,
29/11/2017,1.832,1.892,1.892,1.832,-0.0065,,,
28/11/2017,1.844,1.844,1.844,1.844,0.0038,,,
27/11/2017,1.837,1.837,1.837,1.837,0.0303,,,
26/11/2017,1.783,1.783,1.783,1.783,0,,,
24/11/2017,1.783,1.778,1.783,1.778,0.0312,,,
23/11/2017,1.729,1.729,1.729,1.729,-0.0103,,,
22/11/2017,1.747,1.747,1.747,1.747,0.0104,,,
21/11/2017,1.729,1.729,1.729,1.729,0.0177,,,
20/11/2017,1.699,1.729,1.729,1.699,-0.0168,,,
19/11/2017,1.728,1.728,1.728,1.728,0,,,
17/11/2017,1.728,1.728,1.728,1.728,-0.0035,,,
16/11/2017,1.734,1.734,1.734,1.734,0.0041,,,
15/11/2017,1.727,1.727,1.727,1.727,-0.0204,,,
14/11/2017,1.763,1.763,1.763,1.763,0.0074,,,
13/11/2017,1.75,1.75,1.75,1.75,0.0069,,,
12/11/2017,1.738,1.738,1.738,1.738,0,,,
10/11/2017,1.738,1.738,1.738,1.738,-0.0328,,,
9/11/2017,1.797,1.797,1.797,1.797,0.0006,,,
8/11/2017,1.796,1.796,1.796,1.796,-0.0164,,,
7/11/2017,1.826,1.826,1.826,1.826,0,,,
6/11/2017,1.826,1.826,1.826,1.826,0.0005,,,
5/11/2017,1.825,1.825,1.825,1.825,0,,,
3/11/2017,1.825,1.825,1.825,1.825,0.0005,,,
2/11/2017,1.824,1.824,1.824,1.824,0,,,
1/11/2017,1.824,1.824,1.824,1.824,0,,,
31/10/2017,1.824,1.824,1.824,1.824,0,,,
30/10/2017,1.824,1.824,1.824,1.824,-0.0405,,,
29/10/2017,1.901,1.901,1.901,1.901,0,,,
27/10/2017,1.901,1.877,1.901,1.877,0.0133,,,
26/10/2017,1.876,1.876,1.876,1.876,0,,,
25/10/2017,1.876,1.882,1.882,1.876,0.0296,,,
24/10/2017,1.822,1.822,1.822,1.822,-0.0314,,,
23/10/2017,1.881,1.881,1.881,1.881,0.0195,,,
22/10/2017,1.845,1.845,1.845,1.845,0,,,
20/10/2017,1.845,1.845,1.845,1.845,0.0233,,,
19/10/2017,1.803,1.809,1.809,1.803,0.0338,,,
18/10/2017,1.744,1.703,1.744,1.685,0.0241,,,
17/10/2017,1.703,1.703,1.703,1.703,0.0006,,,
16/10/2017,1.702,1.726,1.726,1.702,-0.0201,,,
15/10/2017,1.737,1.737,1.737,1.737,0,,,
13/10/2017,1.737,1.737,1.737,1.737,0,,,
12/10/2017,1.737,1.737,1.737,1.737,-0.0192,,,
11/10/2017,1.771,1.771,1.771,1.771,0.0068,,,
10/10/2017,1.759,1.748,1.759,1.748,-0.0107,,,
9/10/2017,1.778,1.79,1.79,1.777,0.0313,,,
8/10/2017,1.724,1.724,1.724,1.724,0,,,
6/10/2017,1.724,1.724,1.724,1.724,0.0006,,,
5/10/2017,1.723,1.723,1.723,1.723,0,,,
4/10/2017,1.723,1.723,1.723,1.723,0,,,
3/10/2017,1.723,1.723,1.723,1.723,0.0058,,,
2/10/2017,1.713,1.713,1.713,1.713,0,,,
29/9/2017,1.713,1.713,1.713,1.713,-0.0023,,,
28/9/2017,1.717,1.686,1.717,1.686,0.0419,,,
27/9/2017,1.648,1.628,1.648,1.628,0.0268,,,
26/9/2017,1.605,1.611,1.611,1.605,-0.0177,,,
25/9/2017,1.634,1.634,1.634,1.634,0,,,
24/9/2017,1.634,1.634,1.634,1.634,0,,,
22/9/2017,1.634,1.634,1.634,1.634,-0.0097,,,
21/9/2017,1.65,1.662,1.662,1.65,0.0217,,,
20/9/2017,1.615,1.615,1.615,1.615,0.0144,,,
19/9/2017,1.592,1.592,1.592,1.592,0.0147,,,
18/9/2017,1.569,1.535,1.569,1.535,0.0384,,,
17/9/2017,1.511,1.511,1.511,1.511,0,,,
15/9/2017,1.511,1.511,1.511,1.511,0.0007,,,
14/9/2017,1.51,1.51,1.51,1.51,0.0141,,,
13/9/2017,1.489,1.489,1.489,1.489,0.0007,,,
12/9/2017,1.488,1.472,1.488,1.472,0.0234,,,
11/9/2017,1.454,1.398,1.454,1.398,0.0453,,,
10/9/2017,1.391,1.391,1.391,1.391,0,,,
8/9/2017,1.391,1.421,1.421,1.391,-0.0204,,,
7/9/2017,1.42,1.454,1.454,1.42,0,,,
6/9/2017,1.42,1.398,1.42,1.398,-0.0307,,,
5/9/2017,1.465,1.465,1.465,1.465,0.0083,,,
4/9/2017,1.453,1.448,1.453,1.448,0,,,
3/9/2017,1.453,1.453,1.453,1.453,0,,,
1/9/2017,1.453,1.453,1.453,1.453,-0.0149,,,
31/8/2017,1.475,1.475,1.475,1.475,0.0075,,,
30/8/2017,1.464,1.509,1.509,1.464,-0.022,,,
29/8/2017,1.497,1.452,1.537,1.452,-0.0501,,,
28/8/2017,1.576,1.599,1.599,1.576,-0.0107,,,
27/8/2017,1.593,1.593,1.593,1.593,0,,,
25/8/2017,1.593,1.593,1.593,1.593,0,,,
24/8/2017,1.593,1.593,1.593,1.593,0,,,
22/8/2017,1.593,1.576,1.593,1.576,0.0185,,,
21/8/2017,1.564,1.564,1.564,1.564,0.0071,,,
20/8/2017,1.553,1.553,1.553,1.553,0,,,
18/8/2017,1.553,1.553,1.553,1.553,-0.0038,,,
17/8/2017,1.559,1.552,1.575,1.552,-0.0238,,,
16/8/2017,1.597,1.552,1.597,1.552,0.037,,,
15/8/2017,1.54,1.563,1.563,1.54,0.0072,,,
14/8/2017,1.529,1.506,1.529,1.506,0.0079,,,
13/8/2017,1.517,1.517,1.517,1.517,0,,,
11/8/2017,1.517,1.517,1.529,1.517,-0.0325,,,
10/8/2017,1.568,1.568,1.568,1.568,0.011,,,
9/8/2017,1.551,1.528,1.551,1.528,0.0151,,,
8/8/2017,1.528,1.528,1.528,1.528,0.0039,,,
7/8/2017,1.522,1.522,1.522,1.522,0.027,,,
6/8/2017,1.482,1.482,1.482,1.482,0,,,
4/8/2017,1.482,1.51,1.51,1.482,-0.0326,,,
3/8/2017,1.532,1.546,1.547,1.532,0.0186,,,
2/8/2017,1.504,1.51,1.51,1.502,-0.0183,,,
1/8/2017,1.532,1.526,1.538,1.526,0.0213,,,
31/7/2017,1.5,1.5,1.5,1.5,-0.0132,,,
30/7/2017,1.52,1.52,1.52,1.52,0,,,
28/7/2017,1.52,1.537,1.549,1.52,0.0113,,,
27/7/2017,1.503,1.503,1.503,1.503,-0.0284,,,
26/7/2017,1.547,1.559,1.559,1.547,0.0218,,,
25/7/2017,1.514,1.531,1.531,1.514,-0.0039,,,
24/7/2017,1.52,1.531,1.531,1.514,-0.0143,,,
23/7/2017,1.542,1.542,1.542,1.542,0,,,
21/7/2017,1.542,1.542,1.542,1.542,0.0006,,,
20/7/2017,1.541,1.554,1.554,1.541,-0.0084,,,
19/7/2017,1.554,1.554,1.554,1.554,0,,,
18/7/2017,1.554,1.554,1.554,1.554,0,,,
17/7/2017,1.554,1.554,1.554,1.554,0.0695,,,
16/7/2017,1.453,1.453,1.453,1.453,0,,,
14/7/2017,1.453,1.604,1.604,1.453,-0.0941,,,
13/7/2017,1.604,1.624,1.624,1.548,-0.0123,,,
12/7/2017,1.624,1.624,1.624,1.624,0,,,
11/7/2017,1.624,1.624,1.624,1.624,0.0006,,,
10/7/2017,1.623,1.623,1.623,1.623,0.0068,,,
9/7/2017,1.612,1.612,1.612,1.612,0,,,
7/7/2017,1.612,1.612,1.612,1.612,0.0294,,,
6/7/2017,1.566,1.566,1.566,1.566,-0.0145,,,
5/7/2017,1.589,1.555,1.589,1.555,0.0006,,,
4/7/2017,1.588,1.588,1.588,1.588,0,,,
3/7/2017,1.588,1.588,1.588,1.588,0.0517,,,
2/7/2017,1.51,1.51,1.51,1.51,0,,,
1/7/2017,1.51,1.51,1.51,1.51,0,,,
30/6/2017,1.51,1.51,1.51,1.51,0.0307,,,
29/6/2017,1.465,1.448,1.465,1.448,0.0434,,,
28/6/2017,1.404,1.343,1.404,1.343,0.08,,,
27/6/2017,1.3,1.289,1.3,1.289,-0.0144,,,
26/6/2017,1.319,1.271,1.319,1.271,0.0378,,,
25/6/2017,1.271,1.271,1.271,1.271,0,,,
23/6/2017,1.271,1.348,1.348,1.271,-0.0571,,,
22/6/2017,1.348,1.348,1.348,1.348,0,,,
21/6/2017,1.348,1.348,1.348,1.348,0,,,
20/6/2017,1.348,1.348,1.348,1.348,0,,,
19/6/2017,1.348,1.348,1.348,1.348,-0.0117,,,
18/6/2017,1.364,1.364,1.364,1.364,0,,,
16/6/2017,1.364,1.314,1.364,1.314,0.042,,,
15/6/2017,1.309,1.276,1.309,1.276,-0.0473,,,
14/6/2017,1.374,1.369,1.376,1.268,-0.0015,,,
13/6/2017,1.376,1.38,1.38,1.376,0.0215,,,
12/6/2017,1.347,1.352,1.352,1.347,0.0338,,,
11/6/2017,1.303,1.303,1.303,1.303,0,,,
9/6/2017,1.303,1.261,1.326,1.261,0.0517,,,
8/6/2017,1.239,1.206,1.243,1.2,0.05,,,
7/6/2017,1.18,1.18,1.18,1.18,-0.0126,,,
6/6/2017,1.195,1.211,1.211,1.195,-0.0378,,,
5/6/2017,1.242,1.264,1.27,1.242,-0.0519,,,
4/6/2017,1.31,1.31,1.31,1.31,0,,,
2/6/2017,1.31,1.31,1.313,1.31,0.0008,,,
1/6/2017,1.309,1.309,1.309,1.309,0.0077,,,
31/5/2017,1.299,1.305,1.305,1.283,-0.0046,,,
30/5/2017,1.305,1.305,1.305,1.305,0,,,
29/5/2017,1.305,1.296,1.305,1.296,0.0077,,,
28/5/2017,1.295,1.295,1.295,1.295,0,,,
26/5/2017,1.295,1.327,1.327,1.294,-0.0241,,,
25/5/2017,1.327,1.34,1.34,1.327,-0.03,,,
24/5/2017,1.368,1.384,1.384,1.368,0.0126,,,
23/5/2017,1.351,1.349,1.351,1.349,-0.0124,,,
22/5/2017,1.368,1.381,1.381,1.368,-0.0036,,,
21/5/2017,1.373,1.373,1.373,1.373,0,,,
19/5/2017,1.373,1.368,1.373,1.368,0.0155,,,
18/5/2017,1.352,1.33,1.357,1.33,-0.0153,,,
17/5/2017,1.373,1.373,1.379,1.365,-0.0214,,,
16/5/2017,1.403,1.401,1.403,1.401,-0.0106,,,
15/5/2017,1.418,1.406,1.418,1.406,-0.0056,,,
14/5/2017,1.426,1.426,1.426,1.426,0,,,
12/5/2017,1.426,1.429,1.429,1.426,-0.0159,,,
11/5/2017,1.449,1.429,1.449,1.429,-0.0014,,,
10/5/2017,1.451,1.451,1.451,1.451,-0.0034,,,
9/5/2017,1.456,1.456,1.456,1.456,0.0232,,,
8/5/2017,1.423,1.44,1.44,1.423,-0.0227,,,
7/5/2017,1.456,1.456,1.456,1.456,0,,,
5/5/2017,1.456,1.467,1.467,1.456,0.0076,,,
4/5/2017,1.445,1.451,1.451,1.445,-0.0341,,,
3/5/2017,1.496,1.496,1.496,1.496,0,,,
2/5/2017,1.496,1.467,1.496,1.467,0.0353,,,
1/5/2017,1.445,1.445,1.445,1.445,0,,,
28/4/2017,1.445,1.456,1.456,1.445,-0.021,,,
27/4/2017,1.476,1.467,1.476,1.465,-0.0094,,,
26/4/2017,1.49,1.473,1.49,1.473,0.0269,,,
25/4/2017,1.451,1.413,1.451,1.413,0.0269,,,
24/4/2017,1.413,1.374,1.413,1.374,0.0122,,,
23/4/2017,1.396,1.396,1.396,1.396,0,,,
22/4/2017,1.396,1.396,1.396,1.396,0,,,
21/4/2017,1.396,1.396,1.396,1.396,0,,,
20/4/2017,1.396,1.407,1.407,1.396,-0.0078,,,
19/4/2017,1.407,1.418,1.418,1.407,-0.027,,,
18/4/2017,1.446,1.438,1.446,1.438,0.0133,,,
17/4/2017,1.427,1.427,1.427,1.427,0,,,
13/4/2017,1.427,1.49,1.49,1.427,-0.0423,,,
12/4/2017,1.49,1.49,1.49,1.475,-0.0325,,,
11/4/2017,1.54,1.545,1.545,1.54,-0.0235,,,
10/4/2017,1.577,1.606,1.606,1.577,0.0207,,,
9/4/2017,1.545,1.545,1.545,1.545,0,,,
7/4/2017,1.545,1.561,1.561,1.545,-0.024,,,
6/4/2017,1.583,1.572,1.583,1.572,-0.0162,,,
5/4/2017,1.609,1.673,1.673,1.606,-0.0383,,,
4/4/2017,1.673,1.673,1.673,1.673,0,,,
3/4/2017,1.673,1.65,1.673,1.65,0.0346,,,
2/4/2017,1.617,1.617,1.617,1.617,0,,,
31/3/2017,1.617,1.617,1.617,1.617,0,,,
30/3/2017,1.617,1.617,1.617,1.617,-0.0134,,,
29/3/2017,1.639,1.689,1.695,1.639,-0.0138,,,
28/3/2017,1.662,1.663,1.663,1.662,0.0196,,,
27/3/2017,1.63,1.7,1.7,1.622,-0.0412,,,
26/3/2017,1.7,1.7,1.7,1.7,0,,,
24/3/2017,1.7,1.667,1.7,1.667,0.0204,,,
23/3/2017,1.666,1.666,1.666,1.666,0,,,
22/3/2017,1.666,1.675,1.675,1.666,-0.0436,,,
21/3/2017,1.742,1.778,1.778,1.739,-0.0381,,,
20/3/2017,1.811,1.807,1.811,1.807,-0.0279,,,
19/3/2017,1.863,1.863,1.863,1.863,0,,,
18/3/2017,1.863,1.863,1.863,1.863,0,,,
17/3/2017,1.863,1.875,1.875,1.863,0.0125,,,
16/3/2017,1.84,1.852,1.852,1.84,-0.053,,,
15/3/2017,1.943,1.943,1.943,1.943,-0.0026,,,
14/3/2017,1.948,1.946,1.952,1.946,0.0188,,,
13/3/2017,1.912,1.946,1.946,1.912,-0.0215,,,
12/3/2017,1.954,1.954,1.954,1.954,0,,,
10/3/2017,1.954,1.931,1.954,1.931,0.0166,,,
9/3/2017,1.922,1.922,1.922,1.922,0.0289,,,
8/3/2017,1.868,1.868,1.868,1.868,-0.0059,,,
7/3/2017,1.879,1.879,1.879,1.879,0,,,
6/3/2017,1.879,1.879,1.879,1.879,-0.0279,,,
5/3/2017,1.933,1.933,1.933,1.933,0,,,
3/3/2017,1.933,1.912,1.936,1.912,0.0174,,,
2/3/2017,1.9,1.907,1.907,1.9,0.027,,,
1/3/2017,1.85,1.85,1.85,1.85,0.0312,,,
28/2/2017,1.794,1.805,1.811,1.791,0.013,,,
27/2/2017,1.771,1.799,1.799,1.771,-0.0128,,,
26/2/2017,1.794,1.794,1.794,1.794,0,,,
24/2/2017,1.794,1.794,1.794,1.794,-0.0276,,,
23/2/2017,1.845,1.872,1.872,1.845,-0.0295,,,
22/2/2017,1.901,1.895,1.901,1.895,0.0155,,,
21/2/2017,1.872,1.872,1.894,1.872,0.0065,,,
20/2/2017,1.86,1.868,1.868,1.86,-0.0174,,,
19/2/2017,1.893,1.893,1.893,1.893,0,,,
17/2/2017,1.893,1.893,1.893,1.893,0,,,
16/2/2017,1.893,1.899,1.899,1.893,0.021,,,
15/2/2017,1.854,1.826,1.854,1.826,0.0283,,,
14/2/2017,1.803,1.826,1.826,1.803,0.0158,,,
13/2/2017,1.775,1.775,1.775,1.775,0,,,
12/2/2017,1.775,1.775,1.775,1.775,0,,,
10/2/2017,1.775,1.809,1.809,1.775,-0.0062,,,
9/2/2017,1.786,1.792,1.8,1.775,-0.0304,,,
8/2/2017,1.842,1.859,1.859,1.831,-0.0091,,,
7/2/2017,1.859,1.859,1.859,1.859,-0.0236,,,
6/2/2017,1.904,1.915,1.915,1.904,-0.0175,,,
5/2/2017,1.938,1.938,1.938,1.938,0,,,
3/2/2017,1.938,1.938,1.938,1.938,0.012,,,
2/2/2017,1.915,1.938,1.938,1.915,-0.0114,,,
1/2/2017,1.937,1.937,1.937,1.937,0.0026,,,
31/1/2017,1.932,1.932,1.932,1.932,0,,,
27/1/2017,1.932,1.932,1.932,1.932,-0.0026,,,
26/1/2017,1.937,1.88,1.937,1.88,0.0556,,,
25/1/2017,1.835,1.83,1.835,1.83,0.0338,,,
24/1/2017,1.775,1.791,1.791,1.774,-0.0269,,,
23/1/2017,1.824,1.835,1.835,1.824,-0.0209,,,
22/1/2017,1.863,1.863,1.863,1.863,0,,,
20/1/2017,1.863,1.863,1.863,1.863,0.0248,,,
19/1/2017,1.818,1.818,1.818,1.818,0.0312,,,
18/1/2017,1.763,1.746,1.763,1.746,0.0097,,,
17/1/2017,1.746,1.746,1.746,1.746,-0.0029,,,
16/1/2017,1.751,1.776,1.776,1.751,0.0063,,,
15/1/2017,1.74,1.74,1.74,1.74,0,,,
13/1/2017,1.74,1.74,1.74,1.74,0.0394,,,
12/1/2017,1.674,1.729,1.729,1.674,-0.0318,,,
11/1/2017,1.729,1.718,1.734,1.718,0.0147,,,
10/1/2017,1.704,1.723,1.723,1.701,-0.0173,,,
9/1/2017,1.734,1.707,1.734,1.707,0.026,,,
8/1/2017,1.69,1.69,1.69,1.69,0,,,
6/1/2017,1.69,1.668,1.69,1.668,-0.0192,,,
5/1/2017,1.723,1.778,1.778,1.723,-0.0884,,,
4/1/2017,1.89,1.895,1.901,1.89,-0.0141,,,
3/1/2017,1.917,1.907,1.917,1.907,0.0084,,,
2/1/2017,1.901,1.901,1.901,1.901,0,,,
30/12/2016,1.901,1.996,1.996,1.901,-0.0514,,,
29/12/2016,2.004,2.058,2.058,2.004,-0.0421,,,
28/12/2016,2.092,2.109,2.109,2.092,-0.0081,,,
27/12/2016,2.109,2.109,2.109,2.109,0,,,
23/12/2016,2.109,2.109,2.109,2.109,0.0193,,,
22/12/2016,2.069,2.034,2.069,2.034,0.0132,,,
21/12/2016,2.042,2.08,2.08,2.042,-0.0304,,,
20/12/2016,2.106,1.946,2.106,1.946,0.0946,,,
19/12/2016,1.924,1.924,1.924,1.924,0.03,,,
18/12/2016,1.868,1.868,1.868,1.868,0,,,
16/12/2016,1.868,1.868,1.868,1.868,0.0662,,,
15/12/2016,1.752,1.752,1.752,1.752,0.0168,,,
14/12/2016,1.723,1.723,1.723,1.723,0.1052,,,
12/12/2016,1.559,1.559,1.559,1.559,0.0737,,,
11/12/2016,1.452,1.452,1.452,1.452,0,,,
9/12/2016,1.452,1.447,1.452,1.447,0.0035,,,
8/12/2016,1.447,1.447,1.447,1.447,-0.0014,,,
7/12/2016,1.449,1.449,1.548,1.449,0.0147,,,
6/12/2016,1.428,1.548,1.548,1.428,-0.0775,,,
5/12/2016,1.548,1.548,1.548,1.548,0.0211,,,
4/12/2016,1.516,1.516,1.516,1.516,0,,,
2/12/2016,1.516,1.516,1.516,1.516,0.0216,,,
1/12/2016,1.484,1.484,1.484,1.484,0.0615,,,
30/11/2016,1.398,1.36,1.398,1.36,0.0197,,,
29/11/2016,1.371,1.366,1.371,1.36,-0.0036,,,
28/11/2016,1.376,1.431,1.431,1.376,-0.0595,,,
27/11/2016,1.463,1.463,1.463,1.463,0,,,
25/11/2016,1.463,1.468,1.468,1.463,0.0224,,,
24/11/2016,1.431,1.415,1.431,1.415,0.04,,,
23/11/2016,1.376,1.361,1.376,1.361,-0.0015,,,
22/11/2016,1.378,1.335,1.378,1.335,0.0073,,,
21/11/2016,1.368,1.388,1.388,1.367,-0.0073,,,
20/11/2016,1.378,1.378,1.378,1.378,0,,,
18/11/2016,1.378,1.415,1.415,1.378,0.0527,,,
17/11/2016,1.309,1.331,1.331,1.309,-0.0603,,,
16/11/2016,1.393,1.389,1.491,1.389,0.0102,,,
15/11/2016,1.379,1.416,1.454,1.379,-0.0819,,,
14/11/2016,1.502,1.47,1.502,1.47,0.0853,,,
13/11/2016,1.384,1.384,1.384,1.384,0,,,
11/11/2016,1.384,1.352,1.384,1.352,0.1289,,,
10/11/2016,1.226,1.205,1.226,1.205,0.1447,,,
9/11/2016,1.071,1.04,1.071,1.04,-0.0192,,,
8/11/2016,1.092,1.076,1.092,1.076,0.0149,,,
7/11/2016,1.076,1.04,1.076,1.04,0.0346,,,
6/11/2016,1.04,1.077,1.077,1.04,-0.0344,,,
4/11/2016,1.077,1.077,1.077,1.077,0,,,
3/11/2016,1.077,1.077,1.077,1.077,0.0336,,,
2/11/2016,1.042,1.042,1.042,1.042,-0.0334,,,
1/11/2016,1.078,1.078,1.078,1.078,-0.0092,,,
31/10/2016,1.088,1.104,1.104,1.083,-0.0233,,,
30/10/2016,1.114,1.114,1.114,1.114,0,,,
28/10/2016,1.114,1.104,1.114,1.104,0.0681,,,
27/10/2016,1.043,0.992,1.043,0.992,0,,,
26/10/2016,1.043,1.043,1.043,1.043,-0.001,,,
25/10/2016,1.044,1.044,1.044,1.044,0,,,
24/10/2016,1.044,1.044,1.044,1.044,-0.0197,,,
21/10/2016,1.065,1.065,1.065,1.065,0.0191,,,
20/10/2016,1.045,1.045,1.045,1.045,0,,,
19/10/2016,1.045,1.045,1.045,1.045,-0.001,,,
18/10/2016,1.046,1.081,1.081,1.046,-0.0333,,,
17/10/2016,1.082,1.087,1.087,1.077,0.0295,,,
16/10/2016,1.051,1.051,1.051,1.051,0,,,
15/10/2016,1.051,1.051,1.051,1.051,0,,,
14/10/2016,1.051,1.046,1.051,1.046,0.0086,,,
13/10/2016,1.042,1.062,1.062,1.042,-0.0553,,,
12/10/2016,1.103,1.098,1.103,1.098,0.0091,,,
11/10/2016,1.093,1.068,1.093,1.068,0.0479,,,
10/10/2016,1.043,1.043,1.043,1.043,0,,,
7/10/2016,1.043,1.068,1.068,1.043,-0.0057,,,
6/10/2016,1.049,1.064,1.064,1.043,0,,,
5/10/2016,1.049,1.059,1.059,1.049,0.0407,,,
4/10/2016,1.008,1.034,1.034,1.008,-0.001,,,
3/10/2016,1.009,1.009,1.009,1.009,0.0499,,,
2/10/2016,0.961,0.961,0.961,0.961,0,,,
30/9/2016,0.961,0.969,0.974,0.961,-0.0283,,,
29/9/2016,0.989,0.989,0.989,0.989,0.0092,,,
28/9/2016,0.98,0.98,0.98,0.98,-0.02,,,
27/9/2016,1,0.95,1,0.879,0.0309,,,
26/9/2016,0.97,0.995,0.995,0.97,-0.0261,,,
25/9/2016,0.996,0.996,0.996,0.996,0,,,
24/9/2016,0.996,0.996,0.996,0.996,0,,,
23/9/2016,0.996,0.996,0.996,0.996,-0.0292,,,
22/9/2016,1.026,1.052,1.052,1.026,-0.057,,,
21/9/2016,1.088,1.093,1.093,1.088,-0.0046,,,
20/9/2016,1.093,1.109,1.109,1.093,0.0037,,,
19/9/2016,1.089,1.089,1.089,1.089,0.014,,,
18/9/2016,1.074,1.074,1.074,1.074,0,,,
17/9/2016,1.074,1.074,1.074,1.074,0,,,
15/9/2016,1.074,1.074,1.074,1.074,-0.0411,,,
14/9/2016,1.12,1.095,1.12,1.095,0.0937,,,
13/9/2016,1.024,1.014,1.024,1.009,-0.0248,,,
12/9/2016,1.05,1.004,1.05,1.004,0.1123,,,
11/9/2016,0.944,0.944,0.944,0.944,0,,,
9/9/2016,0.944,0.964,0.964,0.929,0.0607,,,
8/9/2016,0.89,0.895,0.91,0.89,-0.0056,,,
7/9/2016,0.895,0.965,0.965,0.895,-0.0735,,,
6/9/2016,0.966,0.971,0.971,0.966,-0.0051,,,
5/9/2016,0.971,0.966,0.976,0.966,-0.0152,,,
4/9/2016,0.986,0.986,0.986,0.986,0,,,
2/9/2016,0.986,0.971,0.986,0.971,-0.001,,,
1/9/2016,0.987,0.967,0.987,0.967,0.0207,,,
31/8/2016,0.967,0.962,0.967,0.962,0.0147,,,
30/8/2016,0.953,0.918,0.953,0.918,-0.0155,,,
29/8/2016,0.968,1.013,1.013,0.968,0.0104,,,
28/8/2016,0.958,0.958,0.958,0.958,0,,,
26/8/2016,0.958,0.963,0.978,0.958,0.0148,,,
25/8/2016,0.944,0.934,0.944,0.924,0.0096,,,
24/8/2016,0.935,0.945,0.945,0.935,-0.0106,,,
23/8/2016,0.945,0.945,0.96,0.945,-0.0503,,,
22/8/2016,0.995,1.01,1.01,0.995,0.0518,,,
21/8/2016,0.946,0.946,0.946,0.946,0,,,
20/8/2016,0.946,0.946,0.946,0.946,0,,,
19/8/2016,0.946,0.921,0.946,0.912,0.026,,,
18/8/2016,0.922,0.904,0.922,0.904,0,,,
17/8/2016,0.922,0.924,0.924,0.897,0.0279,,,
16/8/2016,0.897,0.909,0.909,0.882,-0.0303,,,
15/8/2016,0.925,0.925,0.925,0.925,-0.0086,,,
14/8/2016,0.933,0.933,0.933,0.933,0,,,
13/8/2016,0.933,0.933,0.933,0.933,0,,,
12/8/2016,0.933,0.952,0.952,0.933,0.0119,,,
11/8/2016,0.922,0.922,0.922,0.922,-0.0455,,,
10/8/2016,0.966,0.966,0.966,0.966,-0.001,,,
9/8/2016,0.967,0.989,0.991,0.964,-0.0072,,,
8/8/2016,0.974,0.984,0.984,0.974,0.053,,,
7/8/2016,0.925,0.925,0.925,0.925,0,,,
6/8/2016,0.925,0.925,0.925,0.925,0,,,
5/8/2016,0.925,0.93,0.944,0.915,-0.0415,,,
4/8/2016,0.965,0.97,0.985,0.965,0,,,
3/8/2016,0.965,0.975,0.975,0.965,0.0639,,,
1/8/2016,0.907,0.907,0.907,0.907,-0.032,,,
31/7/2016,0.937,0.937,0.937,0.937,0,,,
29/7/2016,0.937,0.917,0.956,0.917,-0.0106,,,
28/7/2016,0.947,0.947,0.947,0.937,-0.0502,,,
27/7/2016,0.997,1.002,1.002,0.997,-0.005,,,
26/7/2016,1.002,1.027,1.027,1.002,-0.0439,,,
25/7/2016,1.048,1.067,1.067,1.038,0.0048,,,
24/7/2016,1.043,1.043,1.043,1.043,0,,,
22/7/2016,1.043,1.013,1.043,1.013,0,,,
21/7/2016,1.043,1.048,1.048,1.038,0.0236,,,
20/7/2016,1.019,1.019,1.024,1.019,0.0283,,,
19/7/2016,0.991,1.014,1.019,0.989,-0.0369,,,
18/7/2016,1.029,1.019,1.029,1.019,0.029,,,
17/7/2016,1,1,1,1,0,,,
15/7/2016,1,0.975,1,0.901,0.0194,,,
14/7/2016,0.981,0.981,0.981,0.981,-0.0101,,,
13/7/2016,0.991,1.006,1.011,0.991,0.0154,,,
12/7/2016,0.976,0.937,0.981,0.937,0.0991,,,
11/7/2016,0.888,0.883,0.888,0.883,-0.0274,,,
10/7/2016,0.913,0.913,0.913,0.913,0,,,
8/7/2016,0.913,0.933,0.942,0.913,-0.0318,,,
7/7/2016,0.943,0.943,0.983,0.933,-0.0407,,,
6/7/2016,0.983,0.943,0.983,0.943,0,,,
5/7/2016,0.983,0.99,0.993,0.983,-0.0248,,,
4/7/2016,1.008,0.988,1.008,0.988,-0.0382,,,
3/7/2016,1.048,1.048,1.048,1.048,0,,,
1/7/2016,1.048,1.048,1.048,1.048,0,,,
30/6/2016,1.048,1.043,1.048,1.043,0.0438,,,
29/6/2016,1.004,1.014,1.014,1.004,-0.0205,,,
28/6/2016,1.025,1.015,1.025,0.995,-0.0321,,,
27/6/2016,1.059,1.054,1.066,1.054,-0.0258,,,
26/6/2016,1.087,1.087,1.087,1.087,0,,,
24/6/2016,1.087,1.125,1.125,1.075,-0.1053,,,
23/6/2016,1.215,1.215,1.215,1.215,0.0117,,,
22/6/2016,1.201,1.201,1.206,1.201,0.0256,,,
21/6/2016,1.171,1.176,1.176,1.171,0,,,
20/6/2016,1.171,1.171,1.171,1.171,0.0263,,,
19/6/2016,1.141,1.141,1.141,1.141,0,,,
17/6/2016,1.141,1.136,1.151,1.136,0.0449,,,
16/6/2016,1.092,1.077,1.092,1.077,-0.048,,,
15/6/2016,1.147,1.102,1.147,1.102,0.0601,,,
14/6/2016,1.082,1.092,1.102,1.082,-0.027,,,
13/6/2016,1.112,1.093,1.112,1.093,-0.0339,,,
12/6/2016,1.151,1.151,1.151,1.151,0,,,
10/6/2016,1.151,1.158,1.158,1.138,-0.0392,,,
9/6/2016,1.198,1.198,1.198,1.198,0,,,
8/6/2016,1.198,1.229,1.229,1.198,-0.0408,,,
7/6/2016,1.249,1.219,1.249,1.219,0.0417,,,
6/6/2016,1.199,1.199,1.199,1.199,-0.0669,,,
5/6/2016,1.285,1.285,1.285,1.285,0,,,
3/6/2016,1.285,1.189,1.29,1.189,-0.025,,,
2/6/2016,1.318,1.331,1.331,1.318,-0.0023,,,
1/6/2016,1.321,1.341,1.341,1.321,-0.0053,,,
31/5/2016,1.328,1.328,1.328,1.328,-0.0008,,,
30/5/2016,1.329,1.329,1.329,1.329,0.031,,,
29/5/2016,1.289,1.289,1.289,1.289,0,,,
27/5/2016,1.289,1.299,1.299,1.289,-0.0242,,,
26/5/2016,1.321,1.281,1.351,1.276,0.0115,,,
25/5/2016,1.306,1.276,1.316,1.276,0.0227,,,
24/5/2016,1.277,1.302,1.302,1.277,0.0039,,,
23/5/2016,1.272,1.302,1.302,1.272,-0.0349,,,
22/5/2016,1.318,1.318,1.318,1.318,0,,,
20/5/2016,1.318,1.303,1.323,1.303,-0.0373,,,
19/5/2016,1.369,1.354,1.369,1.354,0.0498,,,
18/5/2016,1.304,1.304,1.304,1.304,0.0015,,,
17/5/2016,1.302,1.295,1.305,1.295,0.0212,,,
16/5/2016,1.275,1.283,1.283,1.275,-0.0086,,,
15/5/2016,1.286,1.286,1.286,1.286,0,,,
13/5/2016,1.286,1.291,1.291,1.281,0.0182,,,
12/5/2016,1.263,1.268,1.268,1.263,-0.0117,,,
11/5/2016,1.278,1.283,1.283,1.263,-0.0116,,,
10/5/2016,1.293,1.259,1.293,1.259,-0.0084,,,
9/5/2016,1.304,1.334,1.334,1.304,-0.0334,,,
8/5/2016,1.349,1.349,1.349,1.349,0,,,
6/5/2016,1.349,1.314,1.349,1.314,-0.0124,,,
5/5/2016,1.366,1.346,1.366,1.346,0.0179,,,
4/5/2016,1.342,1.336,1.346,1.306,0.0037,,,
3/5/2016,1.337,1.347,1.372,1.337,0.0129,,,
2/5/2016,1.32,1.32,1.32,1.32,0,,,
29/4/2016,1.32,1.322,1.322,1.312,-0.0179,,,
28/4/2016,1.344,1.364,1.364,1.344,-0.0601,,,
27/4/2016,1.43,1.495,1.495,1.43,-0.0265,,,
26/4/2016,1.469,1.435,1.472,1.427,0.0448,,,
25/4/2016,1.406,1.401,1.406,1.401,0.0218,,,
24/4/2016,1.376,1.376,1.376,1.376,0,,,
22/4/2016,1.376,1.381,1.386,1.376,-0.0458,,,
21/4/2016,1.442,1.417,1.442,1.367,0.1033,,,
20/4/2016,1.307,1.323,1.323,1.303,-0.0232,,,
19/4/2016,1.338,1.368,1.368,1.338,0.0083,,,
18/4/2016,1.327,1.319,1.329,1.319,-0.0377,,,
17/4/2016,1.379,1.379,1.379,1.379,0,,,
15/4/2016,1.379,1.369,1.379,1.369,0.0361,,,
14/4/2016,1.331,1.326,1.331,1.311,-0.0075,,,
13/4/2016,1.341,1.321,1.371,1.321,0.03,,,
12/4/2016,1.302,1.263,1.302,1.263,0.0399,,,
11/4/2016,1.252,1.256,1.256,1.252,-0.0165,,,
10/4/2016,1.273,1.273,1.273,1.273,0,,,
8/4/2016,1.273,1.273,1.273,1.273,0,,,
7/4/2016,1.273,1.275,1.275,1.273,0.0063,,,
6/4/2016,1.265,1.241,1.265,1.241,0.0437,,,
5/4/2016,1.212,1.227,1.227,1.212,-0.0319,,,
4/4/2016,1.252,1.252,1.252,1.252,0,,,
1/4/2016,1.252,1.227,1.252,1.227,-0.0203,,,
31/3/2016,1.278,1.308,1.308,1.239,-0.0413,,,
30/3/2016,1.333,1.358,1.358,1.313,-0.0533,,,
29/3/2016,1.408,1.378,1.408,1.378,0.0323,,,
28/3/2016,1.364,1.364,1.364,1.364,0,,,
24/3/2016,1.364,1.329,1.364,1.329,-0.0007,,,
23/3/2016,1.365,1.361,1.366,1.361,0.0557,,,
22/3/2016,1.293,1.293,1.293,1.293,0.0453,,,
21/3/2016,1.237,1.249,1.249,1.234,-0.0064,,,
20/3/2016,1.245,1.245,1.245,1.245,0,,,
18/3/2016,1.245,1.245,1.245,1.245,-0.0906,,,
17/3/2016,1.369,1.369,1.369,1.369,0,,,
16/3/2016,1.369,1.419,1.419,1.369,-0.008,,,
15/3/2016,1.38,1.385,1.385,1.38,-0.0122,,,
14/3/2016,1.397,1.415,1.415,1.395,0.0227,,,
13/3/2016,1.366,1.366,1.366,1.366,0,,,
11/3/2016,1.366,1.385,1.385,1.351,0.0524,,,
10/3/2016,1.298,1.328,1.333,1.293,0.0031,,,
9/3/2016,1.294,1.313,1.313,1.294,-0.0365,,,
8/3/2016,1.343,1.388,1.388,1.343,-0.0562,,,
7/3/2016,1.423,1.428,1.428,1.418,0.0379,,,
6/3/2016,1.371,1.371,1.371,1.371,0,,,
4/3/2016,1.371,1.417,1.417,1.371,-0.0345,,,
3/3/2016,1.42,1.39,1.42,1.39,0.0511,,,
2/3/2016,1.351,1.351,1.361,1.351,0.0368,,,
1/3/2016,1.303,1.293,1.303,1.293,-0.0291,,,
29/2/2016,1.342,1.353,1.353,1.342,0.0068,,,
28/2/2016,1.333,1.333,1.333,1.333,0,,,
26/2/2016,1.333,1.333,1.333,1.333,-0.0111,,,
25/2/2016,1.348,1.339,1.438,1.339,-0.0225,,,
24/2/2016,1.379,1.374,1.379,1.374,-0.0275,,,
23/2/2016,1.418,1.425,1.425,1.415,-0.0077,,,
22/2/2016,1.429,1.439,1.439,1.429,0.0035,,,
21/2/2016,1.424,1.424,1.424,1.424,0,,,
19/2/2016,1.424,1.43,1.434,1.424,-0.0411,,,
18/2/2016,1.485,1.485,1.535,1.455,0.027,,,
17/2/2016,1.446,1.483,1.485,1.446,-0.0236,,,
16/2/2016,1.481,1.496,1.506,1.476,0.0165,,,
15/2/2016,1.457,1.511,1.521,1.455,-0.0102,,,
14/2/2016,1.472,1.472,1.472,1.472,0,,,
12/2/2016,1.472,1.447,1.472,1.447,0.0096,,,
11/2/2016,1.458,1.628,1.628,1.458,-0.1044,,,
10/2/2016,1.628,1.628,1.628,1.628,0,,,
5/2/2016,1.628,1.643,1.648,1.628,-0.0216,,,
4/2/2016,1.664,1.721,1.721,1.664,-0.0393,,,
3/2/2016,1.732,1.752,1.752,1.732,0.0685,,,
2/2/2016,1.621,1.583,1.621,1.583,0.0247,,,
1/2/2016,1.582,1.632,1.632,1.572,-0.0481,,,
31/1/2016,1.662,1.662,1.662,1.662,0,,,
29/1/2016,1.662,1.718,1.718,1.662,-0.0246,,,
28/1/2016,1.704,1.668,1.704,1.653,0.0302,,,
27/1/2016,1.654,1.634,1.684,1.634,-0.0293,,,
26/1/2016,1.704,1.659,1.704,1.659,0.0525,,,
25/1/2016,1.619,1.649,1.649,1.619,-0.0587,,,
24/1/2016,1.72,1.72,1.72,1.72,0,,,
22/1/2016,1.72,1.776,1.776,1.72,-0.0616,,,
21/1/2016,1.833,1.838,1.936,1.833,0.0553,,,
20/1/2016,1.737,1.707,1.737,1.707,0.1526,,,
19/1/2016,1.507,1.507,1.507,1.507,0,,,
18/1/2016,1.507,1.507,1.507,1.507,0.0027,,,
17/1/2016,1.503,1.503,1.503,1.503,0,,,
15/1/2016,1.503,1.471,1.503,1.471,0.0211,,,
14/1/2016,1.472,1.446,1.472,1.446,-0.0154,,,
13/1/2016,1.495,1.51,1.51,1.49,-0.0355,,,
12/1/2016,1.55,1.506,1.56,1.506,0.0292,,,
11/1/2016,1.506,1.506,1.506,1.506,-0.0504,,,
10/1/2016,1.586,1.586,1.586,1.586,0,,,
8/1/2016,1.586,1.561,1.59,1.561,0.0482,,,
7/1/2016,1.513,1.532,1.532,1.503,-0.0251,,,
6/1/2016,1.552,1.567,1.567,1.538,-0.0102,,,
5/1/2016,1.568,1.558,1.568,1.558,0.0129,,,
4/1/2016,1.548,1.603,1.603,1.548,-0.0282,,,
3/1/2016,1.593,1.593,1.593,1.593,0,,,
31/12/2015,1.593,1.593,1.593,1.593,-0.0013,,,
30/12/2015,1.595,1.545,1.595,1.545,0.0317,,,
29/12/2015,1.546,1.566,1.566,1.546,-0.0128,,,
28/12/2015,1.566,1.553,1.665,1.553,0.0064,,,
27/12/2015,1.556,1.556,1.556,1.556,0,,,
24/12/2015,1.556,1.552,1.556,1.552,0.0084,,,
23/12/2015,1.543,1.553,1.553,1.543,0.0192,,,
22/12/2015,1.514,1.519,1.519,1.509,-0.013,,,
21/12/2015,1.534,1.534,1.534,1.534,-0.0071,,,
20/12/2015,1.545,1.545,1.545,1.545,0,,,
18/12/2015,1.545,1.545,1.545,1.545,-0.0259,,,
17/12/2015,1.586,1.62,1.635,1.585,-0.0112,,,
16/12/2015,1.604,1.62,1.62,1.604,0.0217,,,
15/12/2015,1.57,1.574,1.574,1.57,-0.0025,,,
14/12/2015,1.574,1.596,1.596,1.547,0.0013,,,
13/12/2015,1.572,1.572,1.572,1.572,0,,,
11/12/2015,1.572,1.572,1.572,1.572,-0.0006,,,
10/12/2015,1.573,1.573,1.573,1.573,-0.0006,,,
9/12/2015,1.574,1.574,1.574,1.574,-0.0302,,,
8/12/2015,1.623,1.623,1.623,1.623,0.0118,,,
7/12/2015,1.604,1.604,1.604,1.604,-0.0062,,,
6/12/2015,1.614,1.614,1.614,1.614,0,,,
4/12/2015,1.614,1.614,1.614,1.614,0.0535,,,
3/12/2015,1.532,1.532,1.532,1.532,0.0126,,,
2/12/2015,1.513,1.513,1.513,1.513,-0.0357,,,
1/12/2015,1.569,1.569,1.569,1.569,-0.0163,,,
30/11/2015,1.595,1.595,1.595,1.579,0,,,
29/11/2015,1.595,1.595,1.595,1.595,0,,,
27/11/2015,1.595,1.617,1.617,1.595,-0.0136,,,
26/11/2015,1.617,1.617,1.617,1.596,-0.0006,,,
25/11/2015,1.618,1.638,1.638,1.618,-0.0122,,,
24/11/2015,1.638,1.645,1.645,1.638,-0.0079,,,
23/11/2015,1.651,1.651,1.651,1.651,0.0067,,,
22/11/2015,1.64,1.64,1.64,1.64,0,,,
20/11/2015,1.64,1.624,1.64,1.624,-0.0168,,,
19/11/2015,1.668,1.685,1.685,1.613,-0.0101,,,
18/11/2015,1.685,1.679,1.685,1.679,0.0036,,,
17/11/2015,1.679,1.679,1.679,1.679,0,,,
16/11/2015,1.679,1.668,1.679,1.668,-0.0406,,,
15/11/2015,1.75,1.75,1.75,1.75,0,,,
13/11/2015,1.75,1.75,1.75,1.75,-0.0062,,,
12/11/2015,1.761,1.761,1.761,1.761,0.0028,,,
11/11/2015,1.756,1.75,1.772,1.75,-0.0096,,,
10/11/2015,1.773,1.773,1.773,1.773,-0.0028,,,
9/11/2015,1.778,1.778,1.778,1.778,0.0861,,,
8/11/2015,1.637,1.637,1.637,1.637,0,,,
6/11/2015,1.637,1.637,1.637,1.637,-0.0006,,,
5/11/2015,1.638,1.638,1.638,1.638,0,,,
4/11/2015,1.638,1.622,1.649,1.622,0.0199,,,
3/11/2015,1.606,1.579,1.611,1.579,0.0308,,,
2/11/2015,1.558,1.569,1.569,1.558,-0.0133,,,
1/11/2015,1.579,1.579,1.579,1.579,0,,,
30/10/2015,1.579,1.569,1.585,1.563,0.0562,,,
29/10/2015,1.495,1.5,1.5,1.495,0.0254,,,
28/10/2015,1.458,1.473,1.473,1.458,-0.0175,,,
27/10/2015,1.484,1.501,1.501,1.484,-0.025,,,
26/10/2015,1.522,1.525,1.525,1.522,0.0033,,,
25/10/2015,1.517,1.517,1.517,1.517,0,,,
23/10/2015,1.517,1.517,1.517,1.517,-0.0007,,,
22/10/2015,1.518,1.512,1.518,1.512,-0.0033,,,
21/10/2015,1.523,1.523,1.523,1.523,0,,,
20/10/2015,1.523,1.539,1.539,1.518,-0.0123,,,
19/10/2015,1.542,1.508,1.542,1.508,0.0301,,,
18/10/2015,1.497,1.497,1.497,1.497,0,,,
16/10/2015,1.497,1.513,1.513,1.492,0.0246,,,
15/10/2015,1.461,1.451,1.461,1.445,-0.0482,,,
14/10/2015,1.535,1.551,1.551,1.535,-0.0303,,,
13/10/2015,1.583,1.605,1.605,1.583,-0.0234,,,
12/10/2015,1.621,1.615,1.621,1.613,0.0031,,,
11/10/2015,1.616,1.616,1.616,1.616,0,,,
9/10/2015,1.616,1.626,1.626,1.616,0.0113,,,
8/10/2015,1.598,1.627,1.627,1.598,-0.0286,,,
7/10/2015,1.645,1.611,1.645,1.611,0.0173,,,
6/10/2015,1.617,1.627,1.633,1.606,0.0379,,,
5/10/2015,1.558,1.6,1.6,1.521,-0.0238,,,
4/10/2015,1.596,1.596,1.596,1.596,0,,,
3/10/2015,1.596,1.596,1.596,1.596,0,,,
2/10/2015,1.596,1.59,1.596,1.59,0.0057,,,
1/10/2015,1.587,1.59,1.59,1.587,-0.0025,,,
30/9/2015,1.591,1.591,1.591,1.591,-0.0038,,,
29/9/2015,1.597,1.607,1.607,1.597,-0.0655,,,
28/9/2015,1.709,1.709,1.709,1.709,0,,,
27/9/2015,1.709,1.709,1.709,1.709,0,,,
25/9/2015,1.709,1.677,1.709,1.677,0.0124,,,
24/9/2015,1.688,1.667,1.688,1.667,0.0356,,,
23/9/2015,1.63,1.63,1.646,1.619,-0.0315,,,
22/9/2015,1.683,1.667,1.71,1.662,0.0231,,,
21/9/2015,1.645,1.662,1.662,1.645,-0.0232,,,
20/9/2015,1.684,1.684,1.684,1.684,0,,,
18/9/2015,1.684,1.684,1.684,1.684,-0.0459,,,
17/9/2015,1.765,1.792,1.792,1.706,0,,,
16/9/2015,1.765,1.738,1.77,1.706,0.0425,,,
15/9/2015,1.693,1.706,1.706,1.693,-0.0076,,,
14/9/2015,1.706,1.749,1.781,1.696,-0.0394,,,
13/9/2015,1.776,1.776,1.776,1.776,0,,,
11/9/2015,1.776,1.792,1.792,1.776,0.0057,,,
10/9/2015,1.766,1.755,1.766,1.755,-0.0151,,,
9/9/2015,1.793,1.782,1.869,1.782,0.0062,,,
8/9/2015,1.782,1.869,1.869,1.782,-0.0465,,,
7/9/2015,1.869,1.869,1.869,1.869,0,,,
6/9/2015,1.869,1.869,1.869,1.869,0,,,
4/9/2015,1.869,1.869,1.869,1.831,0.0086,,,
2/9/2015,1.853,1.87,1.873,1.848,-0.0117,,,
1/9/2015,1.875,1.881,1.881,1.843,0,,,
31/8/2015,1.875,1.854,1.875,1.854,0.0174,,,
30/8/2015,1.843,1.843,1.843,1.843,0,,,
28/8/2015,1.843,1.838,1.843,1.838,0.0088,,,
27/8/2015,1.827,1.756,1.827,1.756,0.0653,,,
26/8/2015,1.715,1.715,1.715,1.715,-0.0029,,,
25/8/2015,1.72,1.72,1.72,1.72,-0.0035,,,
24/8/2015,1.726,1.73,1.768,1.689,0.0348,,,
23/8/2015,1.668,1.668,1.668,1.668,0,,,
21/8/2015,1.668,1.668,1.668,1.668,-0.0251,,,
20/8/2015,1.711,1.752,1.752,1.711,-0.024,,,
19/8/2015,1.753,1.765,1.765,1.753,-0.0051,,,
18/8/2015,1.762,1.762,1.762,1.762,-0.0195,,,
17/8/2015,1.797,1.797,1.797,1.797,0.0056,,,
16/8/2015,1.787,1.787,1.787,1.787,0,,,
14/8/2015,1.787,1.771,1.787,1.771,0.0276,,,
13/8/2015,1.739,1.744,1.744,1.739,0.0314,,,
12/8/2015,1.686,1.739,1.739,1.686,-0.0366,,,
11/8/2015,1.75,1.761,1.761,1.75,0.0092,,,
10/8/2015,1.734,1.713,1.734,1.713,-0.0125,,,
9/8/2015,1.756,1.756,1.756,1.756,0,,,
7/8/2015,1.756,1.756,1.756,1.756,-0.0293,,,
6/8/2015,1.809,1.809,1.809,1.809,0.0174,,,
5/8/2015,1.778,1.778,1.778,1.778,0.0471,,,
4/8/2015,1.698,1.751,1.751,1.698,-0.0303,,,
3/8/2015,1.751,1.746,1.751,1.746,-0.0267,,,
2/8/2015,1.799,1.799,1.799,1.799,0,,,
31/7/2015,1.799,1.794,1.799,1.794,-0.018,,,
30/7/2015,1.832,1.816,1.832,1.816,0.0356,,,
29/7/2015,1.769,1.769,1.769,1.769,0.0097,,,
28/7/2015,1.752,1.752,1.752,1.752,-0.0124,,,
27/7/2015,1.774,1.774,1.774,1.774,-0.0751,,,
26/7/2015,1.918,1.918,1.918,1.918,0,,,
24/7/2015,1.918,1.918,1.918,1.918,-0.0005,,,
23/7/2015,1.919,1.919,1.919,1.919,0,,,
22/7/2015,1.919,1.919,1.919,1.919,0,,,
21/7/2015,1.919,1.919,1.919,1.919,0.024,,,
20/7/2015,1.874,1.874,1.874,1.874,-0.0069,,,
19/7/2015,1.887,1.887,1.887,1.887,0,,,
18/7/2015,1.887,1.887,1.887,1.887,0,,,
17/7/2015,1.887,1.887,1.887,1.887,0.0027,,,
16/7/2015,1.882,1.877,1.882,1.877,-0.0032,,,
15/7/2015,1.888,1.888,1.888,1.888,-0.0273,,,
14/7/2015,1.941,1.92,1.941,1.92,-0.0005,,,
13/7/2015,1.942,1.877,1.942,1.877,0.0357,,,
12/7/2015,1.875,1.875,1.875,1.875,0,,,
10/7/2015,1.875,1.875,1.875,1.875,0.0684,,,
9/7/2015,1.755,1.755,1.755,1.755,-0.0293,,,
8/7/2015,1.808,1.808,1.808,1.808,-0.0174,,,
7/7/2015,1.84,1.84,1.84,1.84,0.0205,,,
6/7/2015,1.803,1.803,1.803,1.803,-0.0343,,,
5/7/2015,1.867,1.867,1.867,1.867,0,,,
3/7/2015,1.867,1.867,1.867,1.867,-0.0163,,,
2/7/2015,1.898,1.898,1.898,1.898,0.0463,,,
1/7/2015,1.814,1.814,1.814,1.814,0,,,
30/6/2015,1.814,1.808,1.814,1.799,0.0028,,,
29/6/2015,1.809,1.799,1.809,1.799,-0.0258,,,
28/6/2015,1.857,1.857,1.857,1.857,0,,,
26/6/2015,1.857,1.886,1.886,1.857,-0.0159,,,
25/6/2015,1.887,1.887,1.887,1.887,0,,,
24/6/2015,1.887,1.887,1.887,1.887,0.0069,,,
23/6/2015,1.874,1.874,1.874,1.874,0.0348,,,
22/6/2015,1.811,1.795,1.811,1.795,0.0033,,,
21/6/2015,1.805,1.805,1.805,1.805,0,,,
19/6/2015,1.805,1.805,1.805,1.805,0.0084,,,
18/6/2015,1.79,1.79,1.79,1.79,-0.0176,,,
17/6/2015,1.822,1.843,1.843,1.822,-0.0114,,,
16/6/2015,1.843,1.843,1.843,1.843,-0.0022,,,
15/6/2015,1.847,1.843,1.847,1.843,-0.0123,,,
14/6/2015,1.87,1.87,1.87,1.87,0,,,
12/6/2015,1.87,1.865,1.87,1.865,-0.0517,,,
11/6/2015,1.972,1.977,1.977,1.959,0.0082,,,
10/6/2015,1.956,1.94,1.956,1.94,0.0432,,,
9/6/2015,1.875,1.876,1.876,1.874,-0.0095,,,
8/6/2015,1.893,1.887,1.901,1.887,0.0322,,,
7/6/2015,1.834,1.834,1.834,1.834,0,,,
5/6/2015,1.834,1.885,1.885,1.807,-0.0265,,,
4/6/2015,1.884,1.861,1.884,1.855,0.0561,,,
3/6/2015,1.784,1.755,1.784,1.755,0.0378,,,
2/6/2015,1.719,1.719,1.719,1.719,0.0355,,,
1/6/2015,1.66,1.66,1.66,1.66,0.0266,,,
31/5/2015,1.617,1.617,1.617,1.617,0,,,
30/5/2015,1.617,1.617,1.617,1.617,0,,,
29/5/2015,1.617,1.623,1.623,1.616,-0.0092,,,
28/5/2015,1.632,1.64,1.672,1.632,-0.0239,,,
27/5/2015,1.672,1.707,1.707,1.672,-0.0205,,,
26/5/2015,1.707,1.694,1.735,1.694,0.0107,,,
25/5/2015,1.689,1.689,1.689,1.689,0,,,
22/5/2015,1.689,1.707,1.712,1.689,-0.0288,,,
21/5/2015,1.739,1.735,1.747,1.735,-0.0153,,,
20/5/2015,1.766,1.783,1.783,1.766,0.0161,,,
19/5/2015,1.738,1.707,1.775,1.707,0.0182,,,
18/5/2015,1.707,1.701,1.707,1.687,-0.0178,,,
17/5/2015,1.738,1.738,1.738,1.738,0,,,
15/5/2015,1.738,1.741,1.783,1.735,-0.0252,,,
14/5/2015,1.783,1.793,1.816,1.783,0.0108,,,
13/5/2015,1.764,1.77,1.781,1.764,-0.0387,,,
12/5/2015,1.835,1.793,1.835,1.793,0.0877,,,
11/5/2015,1.687,1.662,1.687,1.662,-0.0053,,,
10/5/2015,1.696,1.696,1.696,1.696,0,,,
8/5/2015,1.696,1.707,1.707,1.696,-0.0429,,,
7/5/2015,1.772,1.724,1.772,1.724,0.0278,,,
6/5/2015,1.724,1.639,1.724,1.639,0.0519,,,
5/5/2015,1.639,1.656,1.656,1.639,0.0068,,,
4/5/2015,1.628,1.544,1.628,1.544,0.0544,,,
3/5/2015,1.544,1.544,1.544,1.544,0,,,
30/4/2015,1.544,1.527,1.544,1.527,0.0185,,,
29/4/2015,1.516,1.516,1.516,1.516,0.0601,,,
28/4/2015,1.43,1.428,1.43,1.428,0.0156,,,
27/4/2015,1.408,1.39,1.445,1.39,-0.0256,,,
26/4/2015,1.445,1.445,1.445,1.445,0,,,
24/4/2015,1.445,1.478,1.478,1.445,-0.0163,,,
23/4/2015,1.469,1.512,1.512,1.469,0.0201,,,
22/4/2015,1.44,1.44,1.451,1.425,0.0119,,,
21/4/2015,1.423,1.423,1.423,1.423,0.0057,,,
20/4/2015,1.415,1.423,1.423,1.415,0.0057,,,
19/4/2015,1.407,1.407,1.407,1.407,0,,,
17/4/2015,1.407,1.415,1.418,1.407,-0.0057,,,
16/4/2015,1.415,1.424,1.424,1.415,0.0014,,,
15/4/2015,1.413,1.424,1.424,1.413,-0.0269,,,
14/4/2015,1.452,1.49,1.49,1.452,-0.0255,,,
13/4/2015,1.49,1.49,1.49,1.49,-0.004,,,
12/4/2015,1.496,1.496,1.496,1.496,0,,,
10/4/2015,1.496,1.49,1.496,1.485,0.0462,,,
9/4/2015,1.43,1.432,1.432,1.43,0,,,
8/4/2015,1.43,1.447,1.48,1.43,0,,,
7/4/2015,1.43,1.43,1.43,1.43,0,,,
2/4/2015,1.43,1.485,1.485,1.414,-0.0338,,,
1/4/2015,1.48,1.508,1.508,1.48,-0.0146,,,
31/3/2015,1.502,1.469,1.508,1.469,0.0033,,,
30/3/2015,1.497,1.48,1.503,1.48,-0.0145,,,
29/3/2015,1.519,1.519,1.519,1.519,0,,,
27/3/2015,1.519,1.525,1.536,1.519,0.049,,,
26/3/2015,1.448,1.448,1.448,1.415,0.027,,,
25/3/2015,1.41,1.426,1.426,1.41,-0.0303,,,
24/3/2015,1.454,1.448,1.454,1.448,-0.0075,,,
23/3/2015,1.465,1.481,1.483,1.465,-0.0279,,,
22/3/2015,1.507,1.507,1.507,1.507,0,,,
20/3/2015,1.507,1.52,1.52,1.498,0.0134,,,
19/3/2015,1.487,1.465,1.487,1.454,-0.0821,,,
18/3/2015,1.62,1.625,1.625,1.614,-0.0134,,,
17/3/2015,1.642,1.653,1.662,1.642,-0.0114,,,
16/3/2015,1.661,1.653,1.661,1.642,-0.0089,,,
15/3/2015,1.676,1.676,1.676,1.676,0,,,
13/3/2015,1.676,1.653,1.676,1.653,0.0072,,,
12/3/2015,1.664,1.715,1.715,1.644,0.0109,,,
11/3/2015,1.646,1.67,1.67,1.644,-0.0402,,,
10/3/2015,1.715,1.729,1.735,1.715,-0.0256,,,
9/3/2015,1.76,1.777,1.777,1.76,0.068,,,
8/3/2015,1.648,1.648,1.648,1.648,0,,,
6/3/2015,1.648,1.665,1.67,1.648,-0.0132,,,
5/3/2015,1.67,1.665,1.681,1.665,-0.0065,,,
4/3/2015,1.681,1.659,1.684,1.632,0.0338,,,
3/3/2015,1.626,1.637,1.637,1.626,0.033,,,
2/3/2015,1.574,1.56,1.582,1.56,-0.0051,,,
1/3/2015,1.582,1.582,1.582,1.582,0,,,
27/2/2015,1.582,1.587,1.587,1.582,0.0422,,,
26/2/2015,1.518,1.516,1.566,1.513,-0.0269,,,
25/2/2015,1.56,1.595,1.595,1.56,-0.0664,,,
24/2/2015,1.671,1.656,1.671,1.656,-0.0176,,,
23/2/2015,1.701,1.704,1.715,1.693,-0.0053,,,
22/2/2015,1.71,1.71,1.71,1.71,0,,,
19/2/2015,1.71,1.71,1.71,1.71,0,,,
18/2/2015,1.71,1.703,1.721,1.703,0.0755,,,
17/2/2015,1.59,1.616,1.616,1.577,-0.0173,,,
16/2/2015,1.618,1.632,1.638,1.61,0.0332,,,
15/2/2015,1.566,1.566,1.566,1.566,0,,,
13/2/2015,1.566,1.539,1.566,1.539,0.0026,,,
12/2/2015,1.562,1.572,1.572,1.556,0.0103,,,
11/2/2015,1.546,1.556,1.561,1.546,-0.0026,,,
10/2/2015,1.55,1.562,1.562,1.55,0.0272,,,
9/2/2015,1.509,1.551,1.551,1.442,0.0702,,,
8/2/2015,1.41,1.41,1.41,1.41,0,,,
6/2/2015,1.41,1.453,1.453,1.41,0.0315,,,
5/2/2015,1.367,1.401,1.401,1.362,-0.0243,,,
4/2/2015,1.401,1.394,1.437,1.394,0.0777,,,
3/2/2015,1.3,1.287,1.3,1.287,-0.0069,,,
2/2/2015,1.309,1.309,1.314,1.309,-0.0576,,,
1/2/2015,1.389,1.389,1.389,1.389,0,,,
30/1/2015,1.389,1.43,1.437,1.389,-0.0294,,,
29/1/2015,1.431,1.411,1.431,1.4,-0.0479,,,
28/1/2015,1.503,1.486,1.503,1.486,0.0074,,,
27/1/2015,1.492,1.486,1.503,1.456,0.0247,,,
26/1/2015,1.456,1.476,1.481,1.444,-0.0313,,,
25/1/2015,1.503,1.503,1.503,1.503,0,,,
23/1/2015,1.503,1.541,1.541,1.503,-0.0384,,,
22/1/2015,1.563,1.457,1.563,1.457,0.0728,,,
21/1/2015,1.457,1.471,1.471,1.457,-0.0068,,,
20/1/2015,1.467,1.476,1.476,1.467,-0.0027,,,
19/1/2015,1.471,1.52,1.52,1.471,0.0265,,,
18/1/2015,1.433,1.433,1.433,1.433,0,,,
16/1/2015,1.433,1.412,1.433,1.412,-0.0867,,,
15/1/2015,1.569,1.534,1.59,1.534,0.0175,,,
14/1/2015,1.542,1.574,1.575,1.542,-0.0115,,,
13/1/2015,1.56,1.596,1.596,1.56,-0.0517,,,
12/1/2015,1.645,1.667,1.667,1.645,-0.0442,,,
11/1/2015,1.721,1.721,1.721,1.721,0,,,
9/1/2015,1.721,1.755,1.755,1.721,-0.0075,,,
8/1/2015,1.734,1.739,1.741,1.728,0.0164,,,
7/1/2015,1.706,1.689,1.706,1.689,-0.0394,,,
6/1/2015,1.776,1.806,1.806,1.775,-0.0598,,,
5/1/2015,1.889,1.895,1.895,1.873,-0.044,,,
4/1/2015,1.976,1.976,1.976,1.976,0,,,
2/1/2015,1.976,1.963,1.977,1.963,0.0292,,,
1/1/2015,1.92,1.92,1.92,1.92,0,,,
